{"cameraMode":{"drawMode":0,"name":"Shaded","section":"Shading Mode"},"sceneLighting":true,"audioPlay":false,"sceneViewState":{"showFog":true,"showMaterialUpdate":false,"showSkybox":true,"showFlares":true,"showImageEffects":true,"showParticleSystems":true},"in2DMode":false,"pivot":{"x":332.5577392578125,"y":146.20159912109376,"z":-42.45111083984375},"rotation":{"x":0.2014482617378235,"y":-0.02457469142973423,"z":0.005056228023022413,"w":0.9791778326034546},"size":471.6728820800781,"orthographic":false}